tenant,jtl_database,jtl_version,marketplace_sample_group,jtl_internal_order_id,jtl_order_number,external_order_number_masked,raw_platform,raw_payment,raw_shipping,shop_store_field,marketplace_account_field,jtl_ui_channel,jtl_ui_payment,postgres_channel,postgres_payment,expected_canonical_marketplace,expected_canonical_payment,evidence_source,evidence_strength,status,reviewer,reviewed_at_utc,notes
My Company,,,Amazon,jtl-id#d00fc92d3fdc,order#8e773bd8a719,999-9999999-9999999,amazon.de,Amazon Marktplatz,"DPD 1,2,3,4",,,,,amazon.de,Amazon Marktplatz,,,reporting_postgresql_read_only,candidate_only,unresolved,,,Candidate sample only; direct JTL SQL and JTL-Wawi confirmation required.
My Company,,,Amazon,jtl-id#96d64cc4c7eb,order#1fe512c37028,999-9999999-9999999,amazon.de,Amazon Marktplatz,"DPD 1,2,3,4",,,,,amazon.de,Amazon Marktplatz,,,reporting_postgresql_read_only,candidate_only,unresolved,,,Candidate sample only; direct JTL SQL and JTL-Wawi confirmation required.
My Company,,,Amazon,jtl-id#d5d3bb3dc3c7,order#e2df52654932,999-9999999-9999999,amazon.de,Amazon Marktplatz,"DPD 1,2,3,4",,,,,amazon.de,Amazon Marktplatz,,,reporting_postgresql_read_only,candidate_only,unresolved,,,Candidate sample only; direct JTL SQL and JTL-Wawi confirmation required.
My Company,,,Amazon,jtl-id#5963f4e0de29,order#000a71b5704e,999-9999999-9999999,amazon.de,Amazon Marktplatz,"DPD 1,2,3,4",,,,,amazon.de,Amazon Marktplatz,,,reporting_postgresql_read_only,candidate_only,unresolved,,,Candidate sample only; direct JTL SQL and JTL-Wawi confirmation required.
My Company,,,Amazon,jtl-id#64ddd8753060,order#d6b06f26bd52,999-9999999-9999999,amazon.de,Amazon Marktplatz,"DPD 1,2,3,4",,,,,amazon.de,Amazon Marktplatz,,,reporting_postgresql_read_only,candidate_only,unresolved,,,Candidate sample only; direct JTL SQL and JTL-Wawi confirmation required.
My Company,,,Amazon,jtl-id#513f47d9258d,order#1d2562a4dc51,999-9999999-9999999,amazon.de,Amazon Marktplatz,"DPD 1,2,3,4",,,,,amazon.de,Amazon Marktplatz,,,reporting_postgresql_read_only,candidate_only,unresolved,,,Candidate sample only; direct JTL SQL and JTL-Wawi confirmation required.
My Company,,,Amazon,jtl-id#18a6d9ffb276,order#826ced2abd05,999-9999999-9999999,amazon.de,Amazon Marktplatz,"DPD 1,2,3,4",,,,,amazon.de,Amazon Marktplatz,,,reporting_postgresql_read_only,candidate_only,unresolved,,,Candidate sample only; direct JTL SQL and JTL-Wawi confirmation required.
My Company,,,Amazon,jtl-id#0fd9392d8483,order#876c61a7a541,999-9999999-9999999,amazon.de,Amazon Marktplatz,"DPD 1,2,3,4",,,,,amazon.de,Amazon Marktplatz,,,reporting_postgresql_read_only,candidate_only,unresolved,,,Candidate sample only; direct JTL SQL and JTL-Wawi confirmation required.
My Company,,,Amazon,jtl-id#a904c8402db3,order#ee722da62bba,999-9999999-9999999,amazon.de,Amazon Marktplatz,DPD WP,,,,,amazon.de,Amazon Marktplatz,,,reporting_postgresql_read_only,candidate_only,unresolved,,,Candidate sample only; direct JTL SQL and JTL-Wawi confirmation required.
My Company,,,Amazon,jtl-id#44a8a7fc43d7,order#857821e91ab1,999-9999999-9999999,amazon.de,Amazon Marktplatz,"DPD 6,10",,,,,amazon.de,Amazon Marktplatz,,,reporting_postgresql_read_only,candidate_only,unresolved,,,Candidate sample only; direct JTL SQL and JTL-Wawi confirmation required.
My Company,,,Amazon,jtl-id#24a1ae6a223c,order#97d4d42f85eb,999-9999999-9999999,amazon.de,Amazon Marktplatz,"DPD 1,2,3,4",,,,,amazon.de,Amazon Marktplatz,,,reporting_postgresql_read_only,candidate_only,unresolved,,,Candidate sample only; direct JTL SQL and JTL-Wawi confirmation required.
My Company,,,Amazon,jtl-id#a121b7b23763,order#8417065dddd2,999-9999999-9999999,amazon.de,Amazon Marktplatz,"DPD 1,2,3,4",,,,,amazon.de,Amazon Marktplatz,,,reporting_postgresql_read_only,candidate_only,unresolved,,,Candidate sample only; direct JTL SQL and JTL-Wawi confirmation required.
My Company,,,Amazon,jtl-id#b68488bd3e43,order#00634ead013c,999-9999999-9999999,amazon.de,Amazon Marktplatz,"DPD 1,2,3,4",,,,,amazon.de,Amazon Marktplatz,,,reporting_postgresql_read_only,candidate_only,unresolved,,,Candidate sample only; direct JTL SQL and JTL-Wawi confirmation required.
My Company,,,Amazon,jtl-id#3391c6f071d4,order#4e0cde0de8f4,999-9999999-9999999,amazon.de,Amazon Marktplatz,"DPD 1,2,3,4",,,,,amazon.de,Amazon Marktplatz,,,reporting_postgresql_read_only,candidate_only,unresolved,,,Candidate sample only; direct JTL SQL and JTL-Wawi confirmation required.
My Company,,,Amazon,jtl-id#d8ea3925e832,order#c9bc2fa9f90b,999-9999999-9999999,amazon.de,Amazon Marktplatz,"DPD 1,2,3,4",,,,,amazon.de,Amazon Marktplatz,,,reporting_postgresql_read_only,candidate_only,unresolved,,,Candidate sample only; direct JTL SQL and JTL-Wawi confirmation required.
My Company,,,Amazon,jtl-id#46b1e15400d5,order#e07076dfa55e,999-9999999-9999999,amazon.de,Amazon Marktplatz,"DPD 1,2,3,4",,,,,amazon.de,Amazon Marktplatz,,,reporting_postgresql_read_only,candidate_only,unresolved,,,Candidate sample only; direct JTL SQL and JTL-Wawi confirmation required.
My Company,,,Amazon,jtl-id#16e8df6b4292,order#740148257ca4,999-9999999-9999999,amazon.de,Amazon Marktplatz,4DHL Kleinpaket,,,,,amazon.de,Amazon Marktplatz,,,reporting_postgresql_read_only,candidate_only,unresolved,,,Candidate sample only; direct JTL SQL and JTL-Wawi confirmation required.
My Company,,,Amazon,jtl-id#e342859c9d58,order#d73dd6553a95,999-9999999-9999999,amazon.de,Amazon Marktplatz,"DPD 6,10",,,,,amazon.de,Amazon Marktplatz,,,reporting_postgresql_read_only,candidate_only,unresolved,,,Candidate sample only; direct JTL SQL and JTL-Wawi confirmation required.
My Company,,,Amazon,jtl-id#4a3f252a4764,order#b0347329f7ae,999-9999999-9999999,amazon.de,Amazon Marktplatz,"DPD 1,2,3,4",,,,,amazon.de,Amazon Marktplatz,,,reporting_postgresql_read_only,candidate_only,unresolved,,,Candidate sample only; direct JTL SQL and JTL-Wawi confirmation required.
My Company,,,Amazon,jtl-id#9d2aa4cc2892,order#9c69712f806b,999-9999999-9999999,amazon.de,Amazon Marktplatz,4DHL Kleinpaket,,,,,amazon.de,Amazon Marktplatz,,,reporting_postgresql_read_only,candidate_only,unresolved,,,Candidate sample only; direct JTL SQL and JTL-Wawi confirmation required.
My Company,,,eBay,jtl-id#e8e0492c3a96,order#b11ed0ebe64f,99-99999-99999,ebay.de,Unknown,"DPD 6,10",,,,,ebay.de,Unknown,,,reporting_postgresql_read_only,candidate_only,unresolved,,,Candidate sample only; direct JTL SQL and JTL-Wawi confirmation required.
My Company,,,eBay,jtl-id#2467f4bc161c,order#b029ed1d48be,99-99999-99999,ebay.de,Unknown,"DPD 1,2,3,4",,,,,ebay.de,Unknown,,,reporting_postgresql_read_only,candidate_only,unresolved,,,Candidate sample only; direct JTL SQL and JTL-Wawi confirmation required.
My Company,,,eBay,jtl-id#bf9e2ff43a02,order#3e04e5d5492b,99-99999-99999,ebay.de,Unknown,"DPD 1,2,3,4",,,,,ebay.de,Unknown,,,reporting_postgresql_read_only,candidate_only,unresolved,,,Candidate sample only; direct JTL SQL and JTL-Wawi confirmation required.
My Company,,,eBay,jtl-id#14dbff7f2ea1,order#6c0f7f79f2ee,99-99999-99999,ebay.de,Unknown,"DPD 6,10",,,,,ebay.de,Unknown,,,reporting_postgresql_read_only,candidate_only,unresolved,,,Candidate sample only; direct JTL SQL and JTL-Wawi confirmation required.
My Company,,,eBay,jtl-id#e1f57a846064,order#dea179d501b7,99-99999-99999,ebay.de,Unknown,"DPD 1,2,3,4",,,,,ebay.de,Unknown,,,reporting_postgresql_read_only,candidate_only,unresolved,,,Candidate sample only; direct JTL SQL and JTL-Wawi confirmation required.
My Company,,,eBay,jtl-id#ecc980f4c424,order#6628c7b2238d,99-99999-99999,ebay.de,Unknown,"DPD 1,2,3,4",,,,,ebay.de,Unknown,,,reporting_postgresql_read_only,candidate_only,unresolved,,,Candidate sample only; direct JTL SQL and JTL-Wawi confirmation required.
My Company,,,eBay,jtl-id#f091729193e7,order#9e9f5a22e2e9,99-99999-99999,ebay.de,Unknown,"DPD 1,2,3,4",,,,,ebay.de,Unknown,,,reporting_postgresql_read_only,candidate_only,unresolved,,,Candidate sample only; direct JTL SQL and JTL-Wawi confirmation required.
My Company,,,eBay,jtl-id#0052bc172b5a,order#391f27a756f7,99-99999-99999,ebay.de,Unknown,DPD WP,,,,,ebay.de,Unknown,,,reporting_postgresql_read_only,candidate_only,unresolved,,,Candidate sample only; direct JTL SQL and JTL-Wawi confirmation required.
My Company,,,eBay,jtl-id#16c8a4a82fc5,order#969f37a5623d,99-99999-99999,ebay.de,Unknown,"DPD 1,2,3,4",,,,,ebay.de,Unknown,,,reporting_postgresql_read_only,candidate_only,unresolved,,,Candidate sample only; direct JTL SQL and JTL-Wawi confirmation required.
My Company,,,eBay,jtl-id#68a9b75d8c67,order#bfc935d31137,99-99999-99999,ebay.de,Unknown,"DHL 1, 2, 3, 4",,,,,ebay.de,Unknown,,,reporting_postgresql_read_only,candidate_only,unresolved,,,Candidate sample only; direct JTL SQL and JTL-Wawi confirmation required.
My Company,,,eBay,jtl-id#ce049c10f112,order#876ef6466ba5,99-99999-99999,ebay.de,Unknown,"DPD 1,2,3,4",,,,,ebay.de,Unknown,,,reporting_postgresql_read_only,candidate_only,unresolved,,,Candidate sample only; direct JTL SQL and JTL-Wawi confirmation required.
My Company,,,eBay,jtl-id#d28e128f444a,order#1d4ae189af6f,99-99999-99999,ebay.de,Unknown,"DPD 1,2,3,4",,,,,ebay.de,Unknown,,,reporting_postgresql_read_only,candidate_only,unresolved,,,Candidate sample only; direct JTL SQL and JTL-Wawi confirmation required.
My Company,,,eBay,jtl-id#1d3237e09291,order#117ef6821fba,99-99999-99999,ebay.de,Unknown,"DPD 1,2,3,4",,,,,ebay.de,Unknown,,,reporting_postgresql_read_only,candidate_only,unresolved,,,Candidate sample only; direct JTL SQL and JTL-Wawi confirmation required.
My Company,,,eBay,jtl-id#d22585e58f4b,order#f5b011047cd1,99-99999-99999,ebay.de,Unknown,4DHL Kleinpaket,,,,,ebay.de,Unknown,,,reporting_postgresql_read_only,candidate_only,unresolved,,,Candidate sample only; direct JTL SQL and JTL-Wawi confirmation required.
My Company,,,eBay,jtl-id#f68363c893a8,order#b29c8d9a3816,99-99999-99999,ebay.de,Unknown,"DHL 1, 2, 3, 4",,,,,ebay.de,Unknown,,,reporting_postgresql_read_only,candidate_only,unresolved,,,Candidate sample only; direct JTL SQL and JTL-Wawi confirmation required.
My Company,,,eBay,jtl-id#8f935ca68b00,order#bc4f2c127a88,99-99999-99999,ebay.de,Unknown,"DPD 1,2,3,4",,,,,ebay.de,Unknown,,,reporting_postgresql_read_only,candidate_only,unresolved,,,Candidate sample only; direct JTL SQL and JTL-Wawi confirmation required.
My Company,,,eBay,jtl-id#1bbe34b7acda,order#c854b30f1d8d,99-99999-99999,ebay.de,Unknown,4DHL Kleinpaket,,,,,ebay.de,Unknown,,,reporting_postgresql_read_only,candidate_only,unresolved,,,Candidate sample only; direct JTL SQL and JTL-Wawi confirmation required.
My Company,,,eBay,jtl-id#c626dc1fea12,order#edbe4c796b3d,99-99999-99999,ebay.de,Unknown,"DPD 6,10",,,,,ebay.de,Unknown,,,reporting_postgresql_read_only,candidate_only,unresolved,,,Candidate sample only; direct JTL SQL and JTL-Wawi confirmation required.
My Company,,,eBay,jtl-id#c08060111a32,order#b2ac7c17d82d,99-99999-99999,ebay.de,Unknown,"DPD 1,2,3,4",,,,,ebay.de,Unknown,,,reporting_postgresql_read_only,candidate_only,unresolved,,,Candidate sample only; direct JTL SQL and JTL-Wawi confirmation required.
My Company,,,eBay,jtl-id#216ee6b8d69d,order#8507c0cd1168,99-99999-99999,ebay.de,Unknown,"DPD 1,2,3,4",,,,,ebay.de,Unknown,,,reporting_postgresql_read_only,candidate_only,unresolved,,,Candidate sample only; direct JTL SQL and JTL-Wawi confirmation required.
My Company,,,Kaufland,jtl-id#0122e4c526c6,order#6a7869acfcbf,AAAAAA9,weitere verkaufskanäle,Kaufland.de,"DHL 1, 2, 3, 4",,,,,weitere verkaufskanäle,Kaufland.de,,,reporting_postgresql_read_only,candidate_only,unresolved,,,Candidate sample only; direct JTL SQL and JTL-Wawi confirmation required.
My Company,,,Kaufland,jtl-id#588ae3d096e2,order#0ee1e318c18e,AAA9AA9,weitere verkaufskanäle,Kaufland.de,"DHL 1, 2, 3, 4",,,,,weitere verkaufskanäle,Kaufland.de,,,reporting_postgresql_read_only,candidate_only,unresolved,,,Candidate sample only; direct JTL SQL and JTL-Wawi confirmation required.
My Company,,,Kaufland,jtl-id#bed1c462c511,order#68cca7cf6d08,AAAA9A9,weitere verkaufskanäle,Kaufland.de,"DHL 1, 2, 3, 4",,,,,weitere verkaufskanäle,Kaufland.de,,,reporting_postgresql_read_only,candidate_only,unresolved,,,Candidate sample only; direct JTL SQL and JTL-Wawi confirmation required.
My Company,,,Kaufland,jtl-id#7cec7bb34dcc,order#dd3d2daa6828,AAAA9A9,weitere verkaufskanäle,Kaufland.de,"DHL 1, 2, 3, 4",,,,,weitere verkaufskanäle,Kaufland.de,,,reporting_postgresql_read_only,candidate_only,unresolved,,,Candidate sample only; direct JTL SQL and JTL-Wawi confirmation required.
My Company,,,Kaufland,jtl-id#45883de32da0,order#859729fff7f0,AAAA9A9,weitere verkaufskanäle,Kaufland.de,"DHL 1, 2, 3, 4",,,,,weitere verkaufskanäle,Kaufland.de,,,reporting_postgresql_read_only,candidate_only,unresolved,,,Candidate sample only; direct JTL SQL and JTL-Wawi confirmation required.
My Company,,,Kaufland,jtl-id#d1deb0035e8a,order#c531b6d9a13a,AAAA9A9,weitere verkaufskanäle,Kaufland.de,"DHL 1, 2, 3, 4",,,,,weitere verkaufskanäle,Kaufland.de,,,reporting_postgresql_read_only,candidate_only,unresolved,,,Candidate sample only; direct JTL SQL and JTL-Wawi confirmation required.
My Company,,,Kaufland,jtl-id#bdadee8cd8b5,order#446907160832,AA999A9,weitere verkaufskanäle,Kaufland.de,"DHL 1, 2, 3, 4",,,,,weitere verkaufskanäle,Kaufland.de,,,reporting_postgresql_read_only,candidate_only,unresolved,,,Candidate sample only; direct JTL SQL and JTL-Wawi confirmation required.
My Company,,,Kaufland,jtl-id#0c485bf759ac,order#3102f8612ce2,AAA99A9,weitere verkaufskanäle,Kaufland.de,"DHL 1, 2, 3, 4",,,,,weitere verkaufskanäle,Kaufland.de,,,reporting_postgresql_read_only,candidate_only,unresolved,,,Candidate sample only; direct JTL SQL and JTL-Wawi confirmation required.
My Company,,,Kaufland,jtl-id#78a2f78726d6,order#df9b21a27208,AA9A9A9,weitere verkaufskanäle,Kaufland.de,"DPD 1,2,3,4",,,,,weitere verkaufskanäle,Kaufland.de,,,reporting_postgresql_read_only,candidate_only,unresolved,,,Candidate sample only; direct JTL SQL and JTL-Wawi confirmation required.
My Company,,,Kaufland,jtl-id#b2358497f6b8,order#3ed7c1e16266,A9AA9A9,weitere verkaufskanäle,Kaufland.de,"DPD 1,2,3,4",,,,,weitere verkaufskanäle,Kaufland.de,,,reporting_postgresql_read_only,candidate_only,unresolved,,,Candidate sample only; direct JTL SQL and JTL-Wawi confirmation required.
My Company,,,Kaufland,jtl-id#787a61ad1aca,order#e98a65b1cd67,A9A99A9,weitere verkaufskanäle,Kaufland.de,4DHL Kleinpaket,,,,,weitere verkaufskanäle,Kaufland.de,,,reporting_postgresql_read_only,candidate_only,unresolved,,,Candidate sample only; direct JTL SQL and JTL-Wawi confirmation required.
My Company,,,Kaufland,jtl-id#1d5456ec3ecc,order#a0860acdd102,A9AA9A9,weitere verkaufskanäle,Kaufland.de,4DHL Kleinpaket,,,,,weitere verkaufskanäle,Kaufland.de,,,reporting_postgresql_read_only,candidate_only,unresolved,,,Candidate sample only; direct JTL SQL and JTL-Wawi confirmation required.
My Company,,,Kaufland,jtl-id#27b74129f548,order#53b33da58477,AAA99A9,weitere verkaufskanäle,Kaufland.de,"DPD 1,2,3,4",,,,,weitere verkaufskanäle,Kaufland.de,,,reporting_postgresql_read_only,candidate_only,unresolved,,,Candidate sample only; direct JTL SQL and JTL-Wawi confirmation required.
My Company,,,Kaufland,jtl-id#77ee96ccca23,order#3a4ce7084032,AA999A9,weitere verkaufskanäle,Kaufland.de,"DPD 1,2,3,4",,,,,weitere verkaufskanäle,Kaufland.de,,,reporting_postgresql_read_only,candidate_only,unresolved,,,Candidate sample only; direct JTL SQL and JTL-Wawi confirmation required.
My Company,,,Kaufland,jtl-id#047f70a69f7b,order#4bb9dd0eaf86,A9AAAA9,weitere verkaufskanäle,Kaufland.de,DPD WP,,,,,weitere verkaufskanäle,Kaufland.de,,,reporting_postgresql_read_only,candidate_only,unresolved,,,Candidate sample only; direct JTL SQL and JTL-Wawi confirmation required.
My Company,,,Kaufland,jtl-id#fd1ff3cf516c,order#ba6bc0789ec2,AA99AA9,weitere verkaufskanäle,Kaufland.de,"DHL 1, 2, 3, 4",,,,,weitere verkaufskanäle,Kaufland.de,,,reporting_postgresql_read_only,candidate_only,unresolved,,,Candidate sample only; direct JTL SQL and JTL-Wawi confirmation required.
My Company,,,Kaufland,jtl-id#0232f4cd4a5a,order#f3ee277ac7ea,AAAAAA9,weitere verkaufskanäle,Kaufland.de,"DHL 1, 2, 3, 4",,,,,weitere verkaufskanäle,Kaufland.de,,,reporting_postgresql_read_only,candidate_only,unresolved,,,Candidate sample only; direct JTL SQL and JTL-Wawi confirmation required.
My Company,,,Kaufland,jtl-id#7278c01c3238,order#62247f03c2c0,AAAAAA9,weitere verkaufskanäle,Kaufland.de,"DHL 1, 2, 3, 4",,,,,weitere verkaufskanäle,Kaufland.de,,,reporting_postgresql_read_only,candidate_only,unresolved,,,Candidate sample only; direct JTL SQL and JTL-Wawi confirmation required.
My Company,,,Kaufland,jtl-id#9eff91231eb1,order#eb65b96cb3ba,A99AAA9,weitere verkaufskanäle,Kaufland.de,"DHL 1, 2, 3, 4",,,,,weitere verkaufskanäle,Kaufland.de,,,reporting_postgresql_read_only,candidate_only,unresolved,,,Candidate sample only; direct JTL SQL and JTL-Wawi confirmation required.
My Company,,,Kaufland,jtl-id#b9ff1c3b1af3,order#1eb0ac705bb7,A9AAAA9,weitere verkaufskanäle,Kaufland.de,"DHL 1, 2, 3, 4",,,,,weitere verkaufskanäle,Kaufland.de,,,reporting_postgresql_read_only,candidate_only,unresolved,,,Candidate sample only; direct JTL SQL and JTL-Wawi confirmation required.
My Company,,,MediaMarktSaturn,jtl-id#5b66717921f2,order#380e7b1bbe35,99999_999999999-A,weitere verkaufskanäle,MediaMarktSaturn,"DPD 1,2,3,4",,,,,weitere verkaufskanäle,MediaMarktSaturn,,,reporting_postgresql_read_only,candidate_only,unresolved,,,Candidate sample only; direct JTL SQL and JTL-Wawi confirmation required.
My Company,,,MediaMarktSaturn,jtl-id#0ab071d4adcc,order#6ea017f409d2,99999_999999999-A,weitere verkaufskanäle,MediaMarktSaturn,"DPD 1,2,3,4",,,,,weitere verkaufskanäle,MediaMarktSaturn,,,reporting_postgresql_read_only,candidate_only,unresolved,,,Candidate sample only; direct JTL SQL and JTL-Wawi confirmation required.
My Company,,,MediaMarktSaturn,jtl-id#90b5b6e525d5,order#6c9abdcbc8ca,99999_999999999-A,weitere verkaufskanäle,MediaMarktSaturn,"DPD 1,2,3,4",,,,,weitere verkaufskanäle,MediaMarktSaturn,,,reporting_postgresql_read_only,candidate_only,unresolved,,,Candidate sample only; direct JTL SQL and JTL-Wawi confirmation required.
My Company,,,MediaMarktSaturn,jtl-id#692bc853e111,order#08d8d7cde054,99999_999999999-A,weitere verkaufskanäle,MediaMarktSaturn,"DPD 1,2,3,4",,,,,weitere verkaufskanäle,MediaMarktSaturn,,,reporting_postgresql_read_only,candidate_only,unresolved,,,Candidate sample only; direct JTL SQL and JTL-Wawi confirmation required.
My Company,,,MediaMarktSaturn,jtl-id#47877fa5af36,order#861be5b408cf,99999_999999999-A,weitere verkaufskanäle,MediaMarktSaturn,"DPD 1,2,3,4",,,,,weitere verkaufskanäle,MediaMarktSaturn,,,reporting_postgresql_read_only,candidate_only,unresolved,,,Candidate sample only; direct JTL SQL and JTL-Wawi confirmation required.
My Company,,,MediaMarktSaturn,jtl-id#7212f0e99a2c,order#a8b56489d2f8,99999_999999999-A,weitere verkaufskanäle,MediaMarktSaturn,"DPD 1,2,3,4",,,,,weitere verkaufskanäle,MediaMarktSaturn,,,reporting_postgresql_read_only,candidate_only,unresolved,,,Candidate sample only; direct JTL SQL and JTL-Wawi confirmation required.
My Company,,,MediaMarktSaturn,jtl-id#9a7e721f53e4,order#a11112e03ce6,99999_999999999-A,weitere verkaufskanäle,MediaMarktSaturn,"DPD 1,2,3,4",,,,,weitere verkaufskanäle,MediaMarktSaturn,,,reporting_postgresql_read_only,candidate_only,unresolved,,,Candidate sample only; direct JTL SQL and JTL-Wawi confirmation required.
My Company,,,MediaMarktSaturn,jtl-id#7330ce4f5403,order#c374a3b48aa9,99999_999999999-A,weitere verkaufskanäle,MediaMarktSaturn,"DPD 1,2,3,4",,,,,weitere verkaufskanäle,MediaMarktSaturn,,,reporting_postgresql_read_only,candidate_only,unresolved,,,Candidate sample only; direct JTL SQL and JTL-Wawi confirmation required.
My Company,,,MediaMarktSaturn,jtl-id#83e00079b7ab,order#5158e148769f,99999_999999999-A,weitere verkaufskanäle,MediaMarktSaturn,4DHL Kleinpaket,,,,,weitere verkaufskanäle,MediaMarktSaturn,,,reporting_postgresql_read_only,candidate_only,unresolved,,,Candidate sample only; direct JTL SQL and JTL-Wawi confirmation required.
My Company,,,MediaMarktSaturn,jtl-id#fe6b0388f6f4,order#72e20211708e,99999_999999999-A,weitere verkaufskanäle,MediaMarktSaturn,"DPD 1,2,3,4",,,,,weitere verkaufskanäle,MediaMarktSaturn,,,reporting_postgresql_read_only,candidate_only,unresolved,,,Candidate sample only; direct JTL SQL and JTL-Wawi confirmation required.
My Company,,,MediaMarktSaturn,jtl-id#61474b9d5664,order#5bdfb172b771,99999_999999999-A,weitere verkaufskanäle,MediaMarktSaturn,"DPD 1,2,3,4",,,,,weitere verkaufskanäle,MediaMarktSaturn,,,reporting_postgresql_read_only,candidate_only,unresolved,,,Candidate sample only; direct JTL SQL and JTL-Wawi confirmation required.
My Company,,,MediaMarktSaturn,jtl-id#b14ee69233bb,order#aff9c03bbda8,99999_999999999-A,weitere verkaufskanäle,MediaMarktSaturn,"DPD 1,2,3,4",,,,,weitere verkaufskanäle,MediaMarktSaturn,,,reporting_postgresql_read_only,candidate_only,unresolved,,,Candidate sample only; direct JTL SQL and JTL-Wawi confirmation required.
My Company,,,MediaMarktSaturn,jtl-id#dde528799f2d,order#b8e1a8772cda,99999_999999999-A,weitere verkaufskanäle,MediaMarktSaturn,"DPD 1,2,3,4",,,,,weitere verkaufskanäle,MediaMarktSaturn,,,reporting_postgresql_read_only,candidate_only,unresolved,,,Candidate sample only; direct JTL SQL and JTL-Wawi confirmation required.
My Company,,,MediaMarktSaturn,jtl-id#5019c87891ae,order#fba99f5cdfa4,99999_999999999-A,weitere verkaufskanäle,MediaMarktSaturn,"DPD 1,2,3,4",,,,,weitere verkaufskanäle,MediaMarktSaturn,,,reporting_postgresql_read_only,candidate_only,unresolved,,,Candidate sample only; direct JTL SQL and JTL-Wawi confirmation required.
My Company,,,MediaMarktSaturn,jtl-id#4f2e5fe90265,order#af6789002bf7,99999_999999999-A,weitere verkaufskanäle,MediaMarktSaturn,"DPD 1,2,3,4",,,,,weitere verkaufskanäle,MediaMarktSaturn,,,reporting_postgresql_read_only,candidate_only,unresolved,,,Candidate sample only; direct JTL SQL and JTL-Wawi confirmation required.
My Company,,,MediaMarktSaturn,jtl-id#cb4b95bb23a4,order#10d300229c0c,99999_999999999-A,weitere verkaufskanäle,MediaMarktSaturn,"DPD 1,2,3,4",,,,,weitere verkaufskanäle,MediaMarktSaturn,,,reporting_postgresql_read_only,candidate_only,unresolved,,,Candidate sample only; direct JTL SQL and JTL-Wawi confirmation required.
My Company,,,MediaMarktSaturn,jtl-id#a33f6ecd4243,order#10d322a134a6,99999_999999999-A,weitere verkaufskanäle,MediaMarktSaturn,"DPD 1,2,3,4",,,,,weitere verkaufskanäle,MediaMarktSaturn,,,reporting_postgresql_read_only,candidate_only,unresolved,,,Candidate sample only; direct JTL SQL and JTL-Wawi confirmation required.
My Company,,,MediaMarktSaturn,jtl-id#16d9ef735e83,order#86d37df15011,99999_999999999-A,weitere verkaufskanäle,MediaMarktSaturn,"DPD 1,2,3,4",,,,,weitere verkaufskanäle,MediaMarktSaturn,,,reporting_postgresql_read_only,candidate_only,unresolved,,,Candidate sample only; direct JTL SQL and JTL-Wawi confirmation required.
My Company,,,MediaMarktSaturn,jtl-id#13245b8af3f0,order#5d23ac0cf401,99999_999999999-A,weitere verkaufskanäle,MediaMarktSaturn,"DPD 1,2,3,4",,,,,weitere verkaufskanäle,MediaMarktSaturn,,,reporting_postgresql_read_only,candidate_only,unresolved,,,Candidate sample only; direct JTL SQL and JTL-Wawi confirmation required.
My Company,,,MediaMarktSaturn,jtl-id#cd8dcc226f1f,order#7c27c3a1d44b,99999_999999999-A,weitere verkaufskanäle,MediaMarktSaturn,"DPD 1,2,3,4",,,,,weitere verkaufskanäle,MediaMarktSaturn,,,reporting_postgresql_read_only,candidate_only,unresolved,,,Candidate sample only; direct JTL SQL and JTL-Wawi confirmation required.
My Company,,,Onlineshop/Direct,jtl-id#d1be1dd533f3,order#96478b9e4d64,99999,onlineshop,PayPal,"DHL 1, 2, 3, 4",,,,,onlineshop,PayPal,,,reporting_postgresql_read_only,candidate_only,unresolved,,,Candidate sample only; direct JTL SQL and JTL-Wawi confirmation required.
My Company,,,Onlineshop/Direct,jtl-id#4fbc90c3fd45,order#6022ef640d42,99999,onlineshop,PayPal,"DHL 1, 2, 3, 4",,,,,onlineshop,PayPal,,,reporting_postgresql_read_only,candidate_only,unresolved,,,Candidate sample only; direct JTL SQL and JTL-Wawi confirmation required.
My Company,,,Onlineshop/Direct,jtl-id#b29fdbea2bfb,order#ae56cc4adb69,99999,onlineshop,PayPal,"DHL 1, 2, 3, 4",,,,,onlineshop,PayPal,,,reporting_postgresql_read_only,candidate_only,unresolved,,,Candidate sample only; direct JTL SQL and JTL-Wawi confirmation required.
My Company,,,Onlineshop/Direct,jtl-id#9471906e152a,order#f7ddc787eb9c,99999,onlineshop,PayPal,"DHL 1, 2, 3, 4",,,,,onlineshop,PayPal,,,reporting_postgresql_read_only,candidate_only,unresolved,,,Candidate sample only; direct JTL SQL and JTL-Wawi confirmation required.
My Company,,,Onlineshop/Direct,jtl-id#d78de99cf634,order#df2d11351453,99999,onlineshop,PayPal,"DHL 1, 2, 3, 4",,,,,onlineshop,PayPal,,,reporting_postgresql_read_only,candidate_only,unresolved,,,Candidate sample only; direct JTL SQL and JTL-Wawi confirmation required.
My Company,,,Onlineshop/Direct,jtl-id#f48f78dfc918,order#f938453219db,99999,onlineshop,Überweisung,"DPD 1,2,3,4",,,,,onlineshop,Überweisung,,,reporting_postgresql_read_only,candidate_only,unresolved,,,Candidate sample only; direct JTL SQL and JTL-Wawi confirmation required.
My Company,,,Onlineshop/Direct,jtl-id#542aa5e32804,order#eef7995e7abc,99999,onlineshop,PayPal,"DPD 1,2,3,4",,,,,onlineshop,PayPal,,,reporting_postgresql_read_only,candidate_only,unresolved,,,Candidate sample only; direct JTL SQL and JTL-Wawi confirmation required.
My Company,,,Onlineshop/Direct,jtl-id#0180a6384ddc,order#a61924327925,99999,onlineshop,PayPal,"DPD 1,2,3,4",,,,,onlineshop,PayPal,,,reporting_postgresql_read_only,candidate_only,unresolved,,,Candidate sample only; direct JTL SQL and JTL-Wawi confirmation required.
My Company,,,Onlineshop/Direct,jtl-id#9c51375411d3,order#67536f506f19,99999,onlineshop,PayPal,"DPD 1,2,3,4",,,,,onlineshop,PayPal,,,reporting_postgresql_read_only,candidate_only,unresolved,,,Candidate sample only; direct JTL SQL and JTL-Wawi confirmation required.
My Company,,,Onlineshop/Direct,jtl-id#265c3a65b7dc,order#8be64f588e96,99999,onlineshop,Kreditkarte,"DPD 1,2,3,4",,,,,onlineshop,Kreditkarte,,,reporting_postgresql_read_only,candidate_only,unresolved,,,Candidate sample only; direct JTL SQL and JTL-Wawi confirmation required.
My Company,,,Onlineshop/Direct,jtl-id#c228c9296b55,order#e2c3f6c7a6d2,99999,onlineshop,PayPal,"DPD 1,2,3,4",,,,,onlineshop,PayPal,,,reporting_postgresql_read_only,candidate_only,unresolved,,,Candidate sample only; direct JTL SQL and JTL-Wawi confirmation required.
My Company,,,Onlineshop/Direct,jtl-id#3bb435166629,order#a676b8ef1124,99999,onlineshop,PayPal,"DPD 1,2,3,4",,,,,onlineshop,PayPal,,,reporting_postgresql_read_only,candidate_only,unresolved,,,Candidate sample only; direct JTL SQL and JTL-Wawi confirmation required.
My Company,,,Onlineshop/Direct,jtl-id#a0e3786828ea,order#c3d8f95616c9,99999,onlineshop,Überweisung,"DHL 1, 2, 3, 4",,,,,onlineshop,Überweisung,,,reporting_postgresql_read_only,candidate_only,unresolved,,,Candidate sample only; direct JTL SQL and JTL-Wawi confirmation required.
My Company,,,Onlineshop/Direct,jtl-id#16defa41b871,order#55ab90c1c824,99999,onlineshop,PayPal,4DHL Kleinpaket,,,,,onlineshop,PayPal,,,reporting_postgresql_read_only,candidate_only,unresolved,,,Candidate sample only; direct JTL SQL and JTL-Wawi confirmation required.
My Company,,,Onlineshop/Direct,jtl-id#38f58a716815,order#41bada46b01a,99999,onlineshop,PayPal,"DPD 1,2,3,4",,,,,onlineshop,PayPal,,,reporting_postgresql_read_only,candidate_only,unresolved,,,Candidate sample only; direct JTL SQL and JTL-Wawi confirmation required.
My Company,,,Onlineshop/Direct,jtl-id#3d341665f6a7,order#c8dc461f572b,99999,onlineshop,PayPal,4DHL Kleinpaket,,,,,onlineshop,PayPal,,,reporting_postgresql_read_only,candidate_only,unresolved,,,Candidate sample only; direct JTL SQL and JTL-Wawi confirmation required.
My Company,,,Onlineshop/Direct,jtl-id#170622a23337,order#a075acf21d04,99999,onlineshop,Überweisung,"DPD 1,2,3,4",,,,,onlineshop,Überweisung,,,reporting_postgresql_read_only,candidate_only,unresolved,,,Candidate sample only; direct JTL SQL and JTL-Wawi confirmation required.
My Company,,,Onlineshop/Direct,jtl-id#5667ae1b343e,order#08892e37c758,99999,onlineshop,PayPal,"DHL 1, 2, 3, 4",,,,,onlineshop,PayPal,,,reporting_postgresql_read_only,candidate_only,unresolved,,,Candidate sample only; direct JTL SQL and JTL-Wawi confirmation required.
My Company,,,Onlineshop/Direct,jtl-id#333167a05cff,order#d529bf1d1b47,99999,onlineshop,Amazon Pay,"DHL 1, 2, 3, 4",,,,,onlineshop,Amazon Pay,,,reporting_postgresql_read_only,candidate_only,unresolved,,,Candidate sample only; direct JTL SQL and JTL-Wawi confirmation required.
My Company,,,Onlineshop/Direct,jtl-id#063dca206ee1,order#95251b09b149,99999,onlineshop,PayPal,"DPD 1,2,3,4",,,,,onlineshop,PayPal,,,reporting_postgresql_read_only,candidate_only,unresolved,,,Candidate sample only; direct JTL SQL and JTL-Wawi confirmation required.
My Company,,,Otto,jtl-id#0056ab1de2a6,order#9cdeaf33cf25,AAA9AAA9AA,weitere verkaufskanäle,Otto.de,"DHL 1, 2, 3, 4",,,,,weitere verkaufskanäle,Otto.de,,,reporting_postgresql_read_only,candidate_only,unresolved,,,Candidate sample only; direct JTL SQL and JTL-Wawi confirmation required.
My Company,,,Otto,jtl-id#32d45d47a908,order#6e030ef802ee,AAA9AAAAA9,weitere verkaufskanäle,Otto.de,"DHL 1, 2, 3, 4",,,,,weitere verkaufskanäle,Otto.de,,,reporting_postgresql_read_only,candidate_only,unresolved,,,Candidate sample only; direct JTL SQL and JTL-Wawi confirmation required.
My Company,,,Otto,jtl-id#f20a7c2b6adc,order#3d1cea55a94f,AAA9AAAAA9,weitere verkaufskanäle,Otto.de,"DHL 1, 2, 3, 4",,,,,weitere verkaufskanäle,Otto.de,,,reporting_postgresql_read_only,candidate_only,unresolved,,,Candidate sample only; direct JTL SQL and JTL-Wawi confirmation required.
My Company,,,Otto,jtl-id#ebf3bc09fb47,order#6df1ff6b01d1,AAA9AAA9AA,weitere verkaufskanäle,Otto.de,"DHL 1, 2, 3, 4",,,,,weitere verkaufskanäle,Otto.de,,,reporting_postgresql_read_only,candidate_only,unresolved,,,Candidate sample only; direct JTL SQL and JTL-Wawi confirmation required.
My Company,,,Otto,jtl-id#a1ad08df3c55,order#1fd6adf33222,AAA9AAA999,weitere verkaufskanäle,Otto.de,"DHL 1, 2, 3, 4",,,,,weitere verkaufskanäle,Otto.de,,,reporting_postgresql_read_only,candidate_only,unresolved,,,Candidate sample only; direct JTL SQL and JTL-Wawi confirmation required.
My Company,,,Otto,jtl-id#048682987855,order#dfe63d9def90,AAA9AAAAAA,weitere verkaufskanäle,Otto.de,"DHL 1, 2, 3, 4",,,,,weitere verkaufskanäle,Otto.de,,,reporting_postgresql_read_only,candidate_only,unresolved,,,Candidate sample only; direct JTL SQL and JTL-Wawi confirmation required.
My Company,,,Otto,jtl-id#74b1a3b19f9d,order#072b98244f48,AAA9AA999A,weitere verkaufskanäle,Otto.de,"DHL 1, 2, 3, 4",,,,,weitere verkaufskanäle,Otto.de,,,reporting_postgresql_read_only,candidate_only,unresolved,,,Candidate sample only; direct JTL SQL and JTL-Wawi confirmation required.
My Company,,,Otto,jtl-id#bfcb16ab86e4,order#c2fffc47b3f6,AAA9AA9AAA,weitere verkaufskanäle,Otto.de,DPD WP,,,,,weitere verkaufskanäle,Otto.de,,,reporting_postgresql_read_only,candidate_only,unresolved,,,Candidate sample only; direct JTL SQL and JTL-Wawi confirmation required.
My Company,,,Otto,jtl-id#d79c60275260,order#034a2892e9cf,AAA9AA9AAA,weitere verkaufskanäle,Otto.de,4DHL Kleinpaket,,,,,weitere verkaufskanäle,Otto.de,,,reporting_postgresql_read_only,candidate_only,unresolved,,,Candidate sample only; direct JTL SQL and JTL-Wawi confirmation required.
My Company,,,Otto,jtl-id#387274a907cc,order#8be5367d9cae,AAA9AA9AAA,weitere verkaufskanäle,Otto.de,DPD WP,,,,,weitere verkaufskanäle,Otto.de,,,reporting_postgresql_read_only,candidate_only,unresolved,,,Candidate sample only; direct JTL SQL and JTL-Wawi confirmation required.
My Company,,,Otto,jtl-id#e1e33c7ae4b4,order#f182e7a0479c,AAA9AA9AAA,weitere verkaufskanäle,Otto.de,"DPD 1,2,3,4",,,,,weitere verkaufskanäle,Otto.de,,,reporting_postgresql_read_only,candidate_only,unresolved,,,Candidate sample only; direct JTL SQL and JTL-Wawi confirmation required.
My Company,,,Otto,jtl-id#0198eac10e16,order#3e0b833b2f5e,AAA9AA9AAA,weitere verkaufskanäle,Otto.de,"DHL 1, 2, 3, 4",,,,,weitere verkaufskanäle,Otto.de,,,reporting_postgresql_read_only,candidate_only,unresolved,,,Candidate sample only; direct JTL SQL and JTL-Wawi confirmation required.
My Company,,,Otto,jtl-id#138eebf5e349,order#20367b5d1cd4,AAA9AA9999,weitere verkaufskanäle,Otto.de,"DHL 1, 2, 3, 4",,,,,weitere verkaufskanäle,Otto.de,,,reporting_postgresql_read_only,candidate_only,unresolved,,,Candidate sample only; direct JTL SQL and JTL-Wawi confirmation required.
My Company,,,Otto,jtl-id#eb86208a838b,order#89832442ac61,AAA9AA99AA,weitere verkaufskanäle,Otto.de,"DHL 1, 2, 3, 4",,,,,weitere verkaufskanäle,Otto.de,,,reporting_postgresql_read_only,candidate_only,unresolved,,,Candidate sample only; direct JTL SQL and JTL-Wawi confirmation required.
My Company,,,Otto,jtl-id#a61609d9040f,order#403d453afd79,AAA9AA99AA,weitere verkaufskanäle,Otto.de,"DHL 1, 2, 3, 4",,,,,weitere verkaufskanäle,Otto.de,,,reporting_postgresql_read_only,candidate_only,unresolved,,,Candidate sample only; direct JTL SQL and JTL-Wawi confirmation required.
My Company,,,Otto,jtl-id#5888ecf8e309,order#283613972c2d,AAA9AAAAA9,weitere verkaufskanäle,Otto.de,"DHL 1, 2, 3, 4",,,,,weitere verkaufskanäle,Otto.de,,,reporting_postgresql_read_only,candidate_only,unresolved,,,Candidate sample only; direct JTL SQL and JTL-Wawi confirmation required.
My Company,,,Otto,jtl-id#8da731305e23,order#b8efba7996a8,AAA9AAAAAA,weitere verkaufskanäle,Otto.de,"DHL 1, 2, 3, 4",,,,,weitere verkaufskanäle,Otto.de,,,reporting_postgresql_read_only,candidate_only,unresolved,,,Candidate sample only; direct JTL SQL and JTL-Wawi confirmation required.
My Company,,,Otto,jtl-id#780501ac281f,order#54972ea63a46,AAA9AAAAA9,weitere verkaufskanäle,Otto.de,4DHL Kleinpaket,,,,,weitere verkaufskanäle,Otto.de,,,reporting_postgresql_read_only,candidate_only,unresolved,,,Candidate sample only; direct JTL SQL and JTL-Wawi confirmation required.
My Company,,,Otto,jtl-id#446433a0239a,order#ee094ad0ee31,AAA9AAAAAA,weitere verkaufskanäle,Otto.de,"DHL 1, 2, 3, 4",,,,,weitere verkaufskanäle,Otto.de,,,reporting_postgresql_read_only,candidate_only,unresolved,,,Candidate sample only; direct JTL SQL and JTL-Wawi confirmation required.
My Company,,,Otto,jtl-id#6803452806b7,order#9b7dc1ca29fc,AAA9AAAA9A,weitere verkaufskanäle,Otto.de,"DHL 1, 2, 3, 4",,,,,weitere verkaufskanäle,Otto.de,,,reporting_postgresql_read_only,candidate_only,unresolved,,,Candidate sample only; direct JTL SQL and JTL-Wawi confirmation required.
My Company,,,payment-only-unresolved,jtl-id#80f68671b55e,order#bb82f4fc6a83,,jtl-wawi,MediaMarktSaturn,Unknown,,,,,jtl-wawi,MediaMarktSaturn,,,reporting_postgresql_read_only,insufficient,unresolved,,,Candidate sample only; direct JTL SQL and JTL-Wawi confirmation required.
My Company,,,payment-only-unresolved,jtl-id#bd29b051b2f9,order#ed86b2bd374a,,jtl-wawi,MediaMarktSaturn,"DHL 1, 2, 3, 4",,,,,jtl-wawi,MediaMarktSaturn,,,reporting_postgresql_read_only,insufficient,unresolved,,,Candidate sample only; direct JTL SQL and JTL-Wawi confirmation required.
My Company,,,payment-only-unresolved,jtl-id#aba9cc51b1e2,order#df220fe14915,,jtl-wawi,MediaMarktSaturn,"DPD 1,2,3,4",,,,,jtl-wawi,MediaMarktSaturn,,,reporting_postgresql_read_only,insufficient,unresolved,,,Candidate sample only; direct JTL SQL and JTL-Wawi confirmation required.
My Company,,,payment-only-unresolved,jtl-id#6c6f98eadd5b,order#784323c0c4e9,,jtl-wawi,MediaMarktSaturn,"DPD 1,2,3,4",,,,,jtl-wawi,MediaMarktSaturn,,,reporting_postgresql_read_only,insufficient,unresolved,,,Candidate sample only; direct JTL SQL and JTL-Wawi confirmation required.
My Company,,,payment-only-unresolved,jtl-id#ed02aa5402bf,order#d910b69e329a,,jtl-wawi,Amazon Pay,DHL Warenpost,,,,,jtl-wawi,Amazon Pay,,,reporting_postgresql_read_only,insufficient,unresolved,,,Candidate sample only; direct JTL SQL and JTL-Wawi confirmation required.
My Company,,,payment-only-unresolved,jtl-id#ba3e6faa6922,order#1f342e5b355b,,jtl-wawi,Amazon Pay,"DPD 1,2,3,4",,,,,jtl-wawi,Amazon Pay,,,reporting_postgresql_read_only,insufficient,unresolved,,,Candidate sample only; direct JTL SQL and JTL-Wawi confirmation required.
My Company,,,payment-only-unresolved,jtl-id#e51c49f973a4,order#a7516c90836b,,jtl-wawi,Amazon Pay,"DPD 6,10",,,,,jtl-wawi,Amazon Pay,,,reporting_postgresql_read_only,insufficient,unresolved,,,Candidate sample only; direct JTL SQL and JTL-Wawi confirmation required.
My Company,,,payment-only-unresolved,jtl-id#fa67a776bc24,order#33f712453d86,,jtl-wawi,Amazon Pay,"DPD 1,2,3,4",,,,,jtl-wawi,Amazon Pay,,,reporting_postgresql_read_only,insufficient,unresolved,,,Candidate sample only; direct JTL SQL and JTL-Wawi confirmation required.
My Company,,,payment-only-unresolved,jtl-id#ffce7d8ca7a1,order#710502f8204a,,jtl-wawi,Kaufland.de,DHL Warenpost,,,,,jtl-wawi,Kaufland.de,,,reporting_postgresql_read_only,insufficient,unresolved,,,Candidate sample only; direct JTL SQL and JTL-Wawi confirmation required.
My Company,,,payment-only-unresolved,jtl-id#fbcbad80a53a,order#497236aaab44,,jtl-wawi,Amazon Marktplatz,DHL WP International,,,,,jtl-wawi,Amazon Marktplatz,,,reporting_postgresql_read_only,insufficient,unresolved,,,Candidate sample only; direct JTL SQL and JTL-Wawi confirmation required.
My Company,,,payment-only-unresolved,jtl-id#0b955d682028,order#f888b4c83596,,jtl-wawi,Amazon Marktplatz,"DHL 1, 2, 3, 4",,,,,jtl-wawi,Amazon Marktplatz,,,reporting_postgresql_read_only,insufficient,unresolved,,,Candidate sample only; direct JTL SQL and JTL-Wawi confirmation required.
My Company,,,payment-only-unresolved,jtl-id#60ee3be85dfa,order#bc33f7edde4d,,jtl-wawi,MediaMarktSaturn,"DHL 1, 2, 3, 4",,,,,jtl-wawi,MediaMarktSaturn,,,reporting_postgresql_read_only,insufficient,unresolved,,,Candidate sample only; direct JTL SQL and JTL-Wawi confirmation required.
My Company,,,payment-only-unresolved,jtl-id#272eea46c9e8,order#607723536d7f,,jtl-wawi,OTTO market,"DHL 1, 2, 3, 4",,,,,jtl-wawi,OTTO market,,,reporting_postgresql_read_only,insufficient,unresolved,,,Candidate sample only; direct JTL SQL and JTL-Wawi confirmation required.
My Company,,,payment-only-unresolved,jtl-id#84ed0d199fc1,order#0802213dddff,,jtl-wawi,Amazon Marktplatz,DHL Warenpost,,,,,jtl-wawi,Amazon Marktplatz,,,reporting_postgresql_read_only,insufficient,unresolved,,,Candidate sample only; direct JTL SQL and JTL-Wawi confirmation required.
My Company,,,payment-only-unresolved,jtl-id#950f535da892,order#8b3c174185a2,,jtl-wawi,Amazon Marktplatz,DPD WP,,,,,jtl-wawi,Amazon Marktplatz,,,reporting_postgresql_read_only,insufficient,unresolved,,,Candidate sample only; direct JTL SQL and JTL-Wawi confirmation required.
My Company,,,payment-only-unresolved,jtl-id#3f96bb15bf6a,order#57ecc0bc63e8,,jtl-wawi,Amazon Marktplatz,DPD WP,,,,,jtl-wawi,Amazon Marktplatz,,,reporting_postgresql_read_only,insufficient,unresolved,,,Candidate sample only; direct JTL SQL and JTL-Wawi confirmation required.
My Company,,,payment-only-unresolved,jtl-id#44065fd5787b,order#8b425c91c3f4,,jtl-wawi,Kaufland,"DHL 1, 2, 3, 4",,,,,jtl-wawi,Kaufland,,,reporting_postgresql_read_only,insufficient,unresolved,,,Candidate sample only; direct JTL SQL and JTL-Wawi confirmation required.
My Company,,,payment-only-unresolved,jtl-id#7a98c22ae38c,order#1d3a99189292,,jtl-wawi,Kaufland,"DPD 1,2,3,4",,,,,jtl-wawi,Kaufland,,,reporting_postgresql_read_only,insufficient,unresolved,,,Candidate sample only; direct JTL SQL and JTL-Wawi confirmation required.
My Company,,,payment-only-unresolved,jtl-id#7e62ce154998,order#ba3356e42801,,jtl-wawi,Kaufland,"DPD 1,2,3,4",,,,,jtl-wawi,Kaufland,,,reporting_postgresql_read_only,insufficient,unresolved,,,Candidate sample only; direct JTL SQL and JTL-Wawi confirmation required.
My Company,,,payment-only-unresolved,jtl-id#740c59b88403,order#2455a6f366e9,,jtl-wawi,Kaufland,"DPD 1,2,3,4",,,,,jtl-wawi,Kaufland,,,reporting_postgresql_read_only,insufficient,unresolved,,,Candidate sample only; direct JTL SQL and JTL-Wawi confirmation required.
My Company,,,unresolved,jtl-id#a5feefffa541,order#e06511bc67b2,AA99999999-99-A,weitere verkaufskanäle,Conrad Electronic,"DHL 1, 2, 3, 4",,,,,weitere verkaufskanäle,Conrad Electronic,,,reporting_postgresql_read_only,insufficient,unresolved,,,Candidate sample only; direct JTL SQL and JTL-Wawi confirmation required.
My Company,,,unresolved,jtl-id#131eb600b88c,order#6f4238a830b5,AA99999999-99-A,weitere verkaufskanäle,Conrad Electronic,"DPD 1,2,3,4",,,,,weitere verkaufskanäle,Conrad Electronic,,,reporting_postgresql_read_only,insufficient,unresolved,,,Candidate sample only; direct JTL SQL and JTL-Wawi confirmation required.
My Company,,,unresolved,jtl-id#3840c9256245,order#f9d88f6d9cd9,,jtl-wawi,Überweisung,"DPD 1,2,3,4",,,,,jtl-wawi,Überweisung,,,reporting_postgresql_read_only,insufficient,unresolved,,,Candidate sample only; direct JTL SQL and JTL-Wawi confirmation required.
My Company,,,unresolved,jtl-id#70c861c45df5,order#dbe0094560ef,,jtl-wawi,Kauf auf Rechnung,4DHL Kleinpaket,,,,,jtl-wawi,Kauf auf Rechnung,,,reporting_postgresql_read_only,insufficient,unresolved,,,Candidate sample only; direct JTL SQL and JTL-Wawi confirmation required.
My Company,,,unresolved,jtl-id#acd2bde7714f,order#85d8a0d4f3a5,AA99999999-99-A,weitere verkaufskanäle,Conrad Electronic,"DPD 1,2,3,4",,,,,weitere verkaufskanäle,Conrad Electronic,,,reporting_postgresql_read_only,insufficient,unresolved,,,Candidate sample only; direct JTL SQL and JTL-Wawi confirmation required.
My Company,,,unresolved,jtl-id#f50d96732e44,order#489c44ec79a2,,jtl-wawi,Kauf auf Rechnung,DHL 2er INT,,,,,jtl-wawi,Kauf auf Rechnung,,,reporting_postgresql_read_only,insufficient,unresolved,,,Candidate sample only; direct JTL SQL and JTL-Wawi confirmation required.
My Company,,,unresolved,jtl-id#aff67b3bccb3,order#29d146dd48fe,AA99999999-99-A,weitere verkaufskanäle,Conrad Electronic,"DPD 1,2,3,4",,,,,weitere verkaufskanäle,Conrad Electronic,,,reporting_postgresql_read_only,insufficient,unresolved,,,Candidate sample only; direct JTL SQL and JTL-Wawi confirmation required.
My Company,,,unresolved,jtl-id#c6b5761aa569,order#3aa2c3b58603,AA99999999-99-A,weitere verkaufskanäle,Conrad Electronic,"DPD 1,2,3,4",,,,,weitere verkaufskanäle,Conrad Electronic,,,reporting_postgresql_read_only,insufficient,unresolved,,,Candidate sample only; direct JTL SQL and JTL-Wawi confirmation required.
My Company,,,unresolved,jtl-id#bf01c7b5c77a,order#c2267a14a60f,AA99999999-99-A,weitere verkaufskanäle,Conrad Electronic,4DHL Kleinpaket,,,,,weitere verkaufskanäle,Conrad Electronic,,,reporting_postgresql_read_only,insufficient,unresolved,,,Candidate sample only; direct JTL SQL and JTL-Wawi confirmation required.
My Company,,,unresolved,jtl-id#f104645aed81,order#5b624a58eaff,AA99999999-99-A,weitere verkaufskanäle,Conrad Electronic,"DPD 1,2,3,4",,,,,weitere verkaufskanäle,Conrad Electronic,,,reporting_postgresql_read_only,insufficient,unresolved,,,Candidate sample only; direct JTL SQL and JTL-Wawi confirmation required.
My Company,,,unresolved,jtl-id#45bc90f22c79,order#30018cb55d1d,AA99999999-99-A,weitere verkaufskanäle,Conrad Electronic,"DHL 1, 2, 3, 4",,,,,weitere verkaufskanäle,Conrad Electronic,,,reporting_postgresql_read_only,insufficient,unresolved,,,Candidate sample only; direct JTL SQL and JTL-Wawi confirmation required.
My Company,,,unresolved,jtl-id#ddf8a064e987,order#3f821d29e985,9999999999-99-A,weitere verkaufskanäle,Conrad Electronic,"DHL 1, 2, 3, 4",,,,,weitere verkaufskanäle,Conrad Electronic,,,reporting_postgresql_read_only,insufficient,unresolved,,,Candidate sample only; direct JTL SQL and JTL-Wawi confirmation required.
My Company,,,unresolved,jtl-id#997287eba7b0,order#5ee4415bd3fe,9999999999-99-A,weitere verkaufskanäle,Conrad Electronic,"DPD 1,2,3,4",,,,,weitere verkaufskanäle,Conrad Electronic,,,reporting_postgresql_read_only,insufficient,unresolved,,,Candidate sample only; direct JTL SQL and JTL-Wawi confirmation required.
My Company,,,unresolved,jtl-id#9dee8067fbd3,order#f53dc9f6dc50,AA99999999-99-A,weitere verkaufskanäle,Conrad Electronic,"DPD 1,2,3,4",,,,,weitere verkaufskanäle,Conrad Electronic,,,reporting_postgresql_read_only,insufficient,unresolved,,,Candidate sample only; direct JTL SQL and JTL-Wawi confirmation required.
My Company,,,unresolved,jtl-id#619b8ed5b3b7,order#fbd50b4324b0,,jtl-wawi,Hood,4DHL Kleinpaket,,,,,jtl-wawi,Hood,,,reporting_postgresql_read_only,insufficient,unresolved,,,Candidate sample only; direct JTL SQL and JTL-Wawi confirmation required.
My Company,,,unresolved,jtl-id#1d4e791998ef,order#f273facbaa9d,AA99999999-99-A,weitere verkaufskanäle,Conrad Electronic,"DHL 1, 2, 3, 4",,,,,weitere verkaufskanäle,Conrad Electronic,,,reporting_postgresql_read_only,insufficient,unresolved,,,Candidate sample only; direct JTL SQL and JTL-Wawi confirmation required.
My Company,,,unresolved,jtl-id#dc3c4f3927f9,order#6d18327289ef,,jtl-wawi,Vorkasse,Unknown,,,,,jtl-wawi,Vorkasse,,,reporting_postgresql_read_only,insufficient,unresolved,,,Candidate sample only; direct JTL SQL and JTL-Wawi confirmation required.
My Company,,,unresolved,jtl-id#b1a09385ccdf,order#b790041a3b7e,AA99999999-99-A,weitere verkaufskanäle,Conrad Electronic,"DPD 1,2,3,4",,,,,weitere verkaufskanäle,Conrad Electronic,,,reporting_postgresql_read_only,insufficient,unresolved,,,Candidate sample only; direct JTL SQL and JTL-Wawi confirmation required.
My Company,,,unresolved,jtl-id#7aa72566a64a,order#b7a8ec879e9c,9999999999-99-A,weitere verkaufskanäle,Conrad Electronic,"DPD 1,2,3,4",,,,,weitere verkaufskanäle,Conrad Electronic,,,reporting_postgresql_read_only,insufficient,unresolved,,,Candidate sample only; direct JTL SQL and JTL-Wawi confirmation required.
My Company,,,unresolved,jtl-id#1fe36d2469ce,order#b294b4095f6e,9999999999-99-A,weitere verkaufskanäle,Conrad Electronic,"DHL 1, 2, 3, 4",,,,,weitere verkaufskanäle,Conrad Electronic,,,reporting_postgresql_read_only,insufficient,unresolved,,,Candidate sample only; direct JTL SQL and JTL-Wawi confirmation required.
jtl desktop 3,,,eBay,jtl-id#99e095af6b6c,order#8d8538e7cbbf,99-99999-99999,ebay.de,eBay Managed Payments,GLS Paket,,,,,ebay.de,eBay Managed Payments,,,reporting_postgresql_read_only,candidate_only,unresolved,,,Candidate sample only; direct JTL SQL and JTL-Wawi confirmation required.
jtl desktop 3,,,eBay,jtl-id#3350f5517c17,order#2044b67a2b89,99-99999-99999,ebay.de,eBay Managed Payments,GLS Paket,,,,,ebay.de,eBay Managed Payments,,,reporting_postgresql_read_only,candidate_only,unresolved,,,Candidate sample only; direct JTL SQL and JTL-Wawi confirmation required.
jtl desktop 3,,,eBay,jtl-id#1b59d9183eda,order#8aab8fb5f1a9,99-99999-99999,ebay.de,eBay Managed Payments,GLS Paket,,,,,ebay.de,eBay Managed Payments,,,reporting_postgresql_read_only,candidate_only,unresolved,,,Candidate sample only; direct JTL SQL and JTL-Wawi confirmation required.
jtl desktop 3,,,eBay,jtl-id#46754534f799,order#2b8616d58aef,99-99999-99999,ebay.de,eBay Managed Payments,GLS Paket,,,,,ebay.de,eBay Managed Payments,,,reporting_postgresql_read_only,candidate_only,unresolved,,,Candidate sample only; direct JTL SQL and JTL-Wawi confirmation required.
jtl desktop 3,,,eBay,jtl-id#ef075febee7d,order#71c23d9658cc,99-99999-99999,ebay.de,eBay Managed Payments,Lieferung bis Bordsteinkante,,,,,ebay.de,eBay Managed Payments,,,reporting_postgresql_read_only,candidate_only,unresolved,,,Candidate sample only; direct JTL SQL and JTL-Wawi confirmation required.
jtl desktop 3,,,eBay,jtl-id#e077c3a36712,order#2baab0452bed,99-99999-99999,ebay.de,eBay Managed Payments,Lieferung bis Bordsteinkante,,,,,ebay.de,eBay Managed Payments,,,reporting_postgresql_read_only,candidate_only,unresolved,,,Candidate sample only; direct JTL SQL and JTL-Wawi confirmation required.
jtl desktop 3,,,eBay,jtl-id#64b3db28d65e,order#99e0483fe4ac,99-99999-99999,ebay.de,eBay Managed Payments,GLS 1,,,,,ebay.de,eBay Managed Payments,,,reporting_postgresql_read_only,candidate_only,unresolved,,,Candidate sample only; direct JTL SQL and JTL-Wawi confirmation required.
jtl desktop 3,,,eBay,jtl-id#69c64448596b,order#392ed6711025,99-99999-99999,ebay.de,eBay Managed Payments,GLS Paket,,,,,ebay.de,eBay Managed Payments,,,reporting_postgresql_read_only,candidate_only,unresolved,,,Candidate sample only; direct JTL SQL and JTL-Wawi confirmation required.
jtl desktop 3,,,eBay,jtl-id#3294804b1402,order#83f16a7746e6,99-99999-99999,ebay.de,eBay Managed Payments,GLS Paket,,,,,ebay.de,eBay Managed Payments,,,reporting_postgresql_read_only,candidate_only,unresolved,,,Candidate sample only; direct JTL SQL and JTL-Wawi confirmation required.
jtl desktop 3,,,eBay,jtl-id#1c17b607d29c,order#61aad04aa934,99-99999-99999,ebay.de,eBay Managed Payments,GLS 1,,,,,ebay.de,eBay Managed Payments,,,reporting_postgresql_read_only,candidate_only,unresolved,,,Candidate sample only; direct JTL SQL and JTL-Wawi confirmation required.
jtl desktop 3,,,eBay,jtl-id#0a5cd82be8dc,order#91bca017d067,99-99999-99999,ebay.de,eBay Managed Payments,Lieferung bis Bordsteinkante,,,,,ebay.de,eBay Managed Payments,,,reporting_postgresql_read_only,candidate_only,unresolved,,,Candidate sample only; direct JTL SQL and JTL-Wawi confirmation required.
jtl desktop 3,,,eBay,jtl-id#e89061537db2,order#30a13105878f,99-99999-99999,ebay.de,eBay Managed Payments,GLS Paket,,,,,ebay.de,eBay Managed Payments,,,reporting_postgresql_read_only,candidate_only,unresolved,,,Candidate sample only; direct JTL SQL and JTL-Wawi confirmation required.
jtl desktop 3,,,eBay,jtl-id#17eb4aa69de4,order#0932f0b53f46,99-99999-99999,ebay.de,eBay Managed Payments,GLS Paket,,,,,ebay.de,eBay Managed Payments,,,reporting_postgresql_read_only,candidate_only,unresolved,,,Candidate sample only; direct JTL SQL and JTL-Wawi confirmation required.
jtl desktop 3,,,eBay,jtl-id#5226202f05b5,order#e52477d26b5d,99-99999-99999,ebay.de,eBay Managed Payments,GLS 1,,,,,ebay.de,eBay Managed Payments,,,reporting_postgresql_read_only,candidate_only,unresolved,,,Candidate sample only; direct JTL SQL and JTL-Wawi confirmation required.
jtl desktop 3,,,eBay,jtl-id#a62873f149ea,order#b902936750d5,99-99999-99999,ebay.de,eBay Managed Payments,GLS 1,,,,,ebay.de,eBay Managed Payments,,,reporting_postgresql_read_only,candidate_only,unresolved,,,Candidate sample only; direct JTL SQL and JTL-Wawi confirmation required.
jtl desktop 3,,,eBay,jtl-id#6181578e353e,order#03b2146a6662,99-99999-99999,ebay.de,eBay Managed Payments,GLS Paket,,,,,ebay.de,eBay Managed Payments,,,reporting_postgresql_read_only,candidate_only,unresolved,,,Candidate sample only; direct JTL SQL and JTL-Wawi confirmation required.
jtl desktop 3,,,eBay,jtl-id#827cbae38add,order#fa6437e646ea,99-99999-99999,ebay.de,eBay Managed Payments,GLS Paket,,,,,ebay.de,eBay Managed Payments,,,reporting_postgresql_read_only,candidate_only,unresolved,,,Candidate sample only; direct JTL SQL and JTL-Wawi confirmation required.
jtl desktop 3,,,eBay,jtl-id#398f884775d4,order#a224e1753d55,99-99999-99999,ebay.de,eBay Managed Payments,GLS Paket,,,,,ebay.de,eBay Managed Payments,,,reporting_postgresql_read_only,candidate_only,unresolved,,,Candidate sample only; direct JTL SQL and JTL-Wawi confirmation required.
jtl desktop 3,,,eBay,jtl-id#0b7b472bfcb3,order#5d81730c174a,99-99999-99999,ebay.de,eBay Managed Payments,GLS Paket,,,,,ebay.de,eBay Managed Payments,,,reporting_postgresql_read_only,candidate_only,unresolved,,,Candidate sample only; direct JTL SQL and JTL-Wawi confirmation required.
jtl desktop 3,,,eBay,jtl-id#9008046591fc,order#eb697e886e44,99-99999-99999,ebay.de,eBay Managed Payments,GLS 1,,,,,ebay.de,eBay Managed Payments,,,reporting_postgresql_read_only,candidate_only,unresolved,,,Candidate sample only; direct JTL SQL and JTL-Wawi confirmation required.
jtl desktop 3,,,Onlineshop/Direct,jtl-id#9bdb2af67992,order#b83741266bdc,99999,onlineshop,Überweisung,DHL,,,,,onlineshop,Überweisung,,,reporting_postgresql_read_only,candidate_only,unresolved,,,Candidate sample only; direct JTL SQL and JTL-Wawi confirmation required.
jtl desktop 3,,,Onlineshop/Direct,jtl-id#0fd42b3f73c4,order#fd9a0203bcca,99999,onlineshop,Überweisung,DHL,,,,,onlineshop,Überweisung,,,reporting_postgresql_read_only,candidate_only,unresolved,,,Candidate sample only; direct JTL SQL and JTL-Wawi confirmation required.
jtl desktop 3,,,Onlineshop/Direct,jtl-id#9537f32ec759,order#f1e5330e6369,99999,onlineshop,Überweisung,DHL,,,,,onlineshop,Überweisung,,,reporting_postgresql_read_only,candidate_only,unresolved,,,Candidate sample only; direct JTL SQL and JTL-Wawi confirmation required.
jtl desktop 3,,,Onlineshop/Direct,jtl-id#3346f2bbf6c3,order#b61b0daf6f70,99999,onlineshop,Unknown,DHL,,,,,onlineshop,Unknown,,,reporting_postgresql_read_only,candidate_only,unresolved,,,Candidate sample only; direct JTL SQL and JTL-Wawi confirmation required.
jtl desktop 3,,,Onlineshop/Direct,jtl-id#482d9673cfee,order#5af393232541,99999,onlineshop,Unknown,DHL,,,,,onlineshop,Unknown,,,reporting_postgresql_read_only,candidate_only,unresolved,,,Candidate sample only; direct JTL SQL and JTL-Wawi confirmation required.
jtl desktop 3,,,Onlineshop/Direct,jtl-id#1253e9373e78,order#ae5e6bfc3508,99999,onlineshop,Unknown,DHL,,,,,onlineshop,Unknown,,,reporting_postgresql_read_only,candidate_only,unresolved,,,Candidate sample only; direct JTL SQL and JTL-Wawi confirmation required.
jtl desktop 3,,,Onlineshop/Direct,jtl-id#5ef6fdf32513,order#1bec4e2bb163,99999,onlineshop,Überweisung,DHL,,,,,onlineshop,Überweisung,,,reporting_postgresql_read_only,candidate_only,unresolved,,,Candidate sample only; direct JTL SQL and JTL-Wawi confirmation required.
jtl desktop 3,,,Onlineshop/Direct,jtl-id#63f51f684f8c,order#92450fa41808,99999,onlineshop,Überweisung,DHL,,,,,onlineshop,Überweisung,,,reporting_postgresql_read_only,candidate_only,unresolved,,,Candidate sample only; direct JTL SQL and JTL-Wawi confirmation required.
jtl desktop 3,,,Onlineshop/Direct,jtl-id#021638284be1,order#c522f84b7306,99999,onlineshop,Unknown,DHL,,,,,onlineshop,Unknown,,,reporting_postgresql_read_only,candidate_only,unresolved,,,Candidate sample only; direct JTL SQL and JTL-Wawi confirmation required.
jtl desktop 3,,,Onlineshop/Direct,jtl-id#7cec036ae38d,order#accdd017c689,99999,onlineshop,Überweisung,DHL,,,,,onlineshop,Überweisung,,,reporting_postgresql_read_only,candidate_only,unresolved,,,Candidate sample only; direct JTL SQL and JTL-Wawi confirmation required.
jtl desktop 3,,,Onlineshop/Direct,jtl-id#454f63ac30c8,order#2f4ec54932fd,99999,onlineshop,Überweisung,Versandkosten,,,,,onlineshop,Überweisung,,,reporting_postgresql_read_only,candidate_only,unresolved,,,Candidate sample only; direct JTL SQL and JTL-Wawi confirmation required.
jtl desktop 3,,,Onlineshop/Direct,jtl-id#37834f2f2576,order#05b24d5571ed,99999,onlineshop,Überweisung,Versandkosten,,,,,onlineshop,Überweisung,,,reporting_postgresql_read_only,candidate_only,unresolved,,,Candidate sample only; direct JTL SQL and JTL-Wawi confirmation required.
jtl desktop 3,,,Onlineshop/Direct,jtl-id#16dc368a89b4,order#f6d533aa8dad,99999,onlineshop,Überweisung,Versandkosten,,,,,onlineshop,Überweisung,,,reporting_postgresql_read_only,candidate_only,unresolved,,,Candidate sample only; direct JTL SQL and JTL-Wawi confirmation required.
jtl desktop 3,,,Onlineshop/Direct,jtl-id#ad5736686512,order#861d9cb24a24,99999,onlineshop,Überweisung,Versandkosten,,,,,onlineshop,Überweisung,,,reporting_postgresql_read_only,candidate_only,unresolved,,,Candidate sample only; direct JTL SQL and JTL-Wawi confirmation required.
jtl desktop 3,,,Onlineshop/Direct,jtl-id#8c1f1046219d,order#01a5ac6c5248,99999,onlineshop,Überweisung,Versandkosten,,,,,onlineshop,Überweisung,,,reporting_postgresql_read_only,candidate_only,unresolved,,,Candidate sample only; direct JTL SQL and JTL-Wawi confirmation required.
jtl desktop 3,,,Onlineshop/Direct,jtl-id#29db0c6782db,order#ab01b91b5a81,99999,onlineshop,Überweisung,Versandkosten,,,,,onlineshop,Überweisung,,,reporting_postgresql_read_only,candidate_only,unresolved,,,Candidate sample only; direct JTL SQL and JTL-Wawi confirmation required.
jtl desktop 3,,,Onlineshop/Direct,jtl-id#d6d824abba4a,order#c37a56c7fd2c,99999,onlineshop,Überweisung,Versandkosten,,,,,onlineshop,Überweisung,,,reporting_postgresql_read_only,candidate_only,unresolved,,,Candidate sample only; direct JTL SQL and JTL-Wawi confirmation required.
jtl desktop 3,,,Onlineshop/Direct,jtl-id#7b1a278f5abe,order#ff51fc013b20,99999,onlineshop,Überweisung,Versandkosten,,,,,onlineshop,Überweisung,,,reporting_postgresql_read_only,candidate_only,unresolved,,,Candidate sample only; direct JTL SQL and JTL-Wawi confirmation required.
jtl desktop 3,,,Onlineshop/Direct,jtl-id#ad48ff99415b,order#5e0631fc75e6,99999,onlineshop,Überweisung,Versandkosten,,,,,onlineshop,Überweisung,,,reporting_postgresql_read_only,candidate_only,unresolved,,,Candidate sample only; direct JTL SQL and JTL-Wawi confirmation required.
jtl desktop 3,,,Onlineshop/Direct,jtl-id#e3d6c4d4599e,order#2c88b31b67d0,99999,onlineshop,Überweisung,Versandkosten,,,,,onlineshop,Überweisung,,,reporting_postgresql_read_only,candidate_only,unresolved,,,Candidate sample only; direct JTL SQL and JTL-Wawi confirmation required.
jtl desktop 3,,,payment-only-unresolved,jtl-id#7dcf1501322b,order#6bcaea988250,,jtl-wawi,eBay Managed Payments,Lieferung an den Wunschort,,,,,jtl-wawi,eBay Managed Payments,,,reporting_postgresql_read_only,insufficient,unresolved,,,Candidate sample only; direct JTL SQL and JTL-Wawi confirmation required.
jtl desktop 3,,,payment-only-unresolved,jtl-id#9966121111d0,order#6fc8f95bc646,,jtl-wawi,eBay Managed Payments,Paketversand,,,,,jtl-wawi,eBay Managed Payments,,,reporting_postgresql_read_only,insufficient,unresolved,,,Candidate sample only; direct JTL SQL and JTL-Wawi confirmation required.
jtl desktop 3,,,payment-only-unresolved,jtl-id#9b5ce75faa96,order#5627b4a8f9ef,,jtl-wawi,eBay Managed Payments,GLS 1,,,,,jtl-wawi,eBay Managed Payments,,,reporting_postgresql_read_only,insufficient,unresolved,,,Candidate sample only; direct JTL SQL and JTL-Wawi confirmation required.
jtl desktop 3,,,unresolved,jtl-id#01bcd26a9462,order#8ece6371b768,,jtl-wawi,Unknown,Unknown,,,,,jtl-wawi,Unknown,,,reporting_postgresql_read_only,insufficient,unresolved,,,Candidate sample only; direct JTL SQL and JTL-Wawi confirmation required.
jtl desktop 3,,,unresolved,jtl-id#2716f8d3dc8c,order#a3ee76bc34cc,,jtl-wawi,Unknown,Unknown,,,,,jtl-wawi,Unknown,,,reporting_postgresql_read_only,insufficient,unresolved,,,Candidate sample only; direct JTL SQL and JTL-Wawi confirmation required.
jtl desktop 3,,,unresolved,jtl-id#cff4f909408f,order#c39cb2c540b6,,jtl-wawi,Unknown,Unknown,,,,,jtl-wawi,Unknown,,,reporting_postgresql_read_only,insufficient,unresolved,,,Candidate sample only; direct JTL SQL and JTL-Wawi confirmation required.
jtl desktop 3,,,unresolved,jtl-id#1ba131cd8a94,order#891b18b75944,,jtl-wawi,Unknown,Unknown,,,,,jtl-wawi,Unknown,,,reporting_postgresql_read_only,insufficient,unresolved,,,Candidate sample only; direct JTL SQL and JTL-Wawi confirmation required.
jtl desktop 3,,,unresolved,jtl-id#d9152b6bf21f,order#40178c2ab799,,jtl-wawi,Unknown,Unknown,,,,,jtl-wawi,Unknown,,,reporting_postgresql_read_only,insufficient,unresolved,,,Candidate sample only; direct JTL SQL and JTL-Wawi confirmation required.
jtl desktop 3,,,unresolved,jtl-id#ee2d28115588,order#231c10e69d17,,jtl-wawi,Unknown,Unknown,,,,,jtl-wawi,Unknown,,,reporting_postgresql_read_only,insufficient,unresolved,,,Candidate sample only; direct JTL SQL and JTL-Wawi confirmation required.
jtl desktop 3,,,unresolved,jtl-id#f29baddbbdb6,order#3548657b4b4e,,jtl-wawi,Unknown,Unknown,,,,,jtl-wawi,Unknown,,,reporting_postgresql_read_only,insufficient,unresolved,,,Candidate sample only; direct JTL SQL and JTL-Wawi confirmation required.
jtl desktop 3,,,unresolved,jtl-id#6cf57950d3bb,order#a338ed179728,,jtl-wawi,Unknown,Unknown,,,,,jtl-wawi,Unknown,,,reporting_postgresql_read_only,insufficient,unresolved,,,Candidate sample only; direct JTL SQL and JTL-Wawi confirmation required.
jtl desktop 3,,,unresolved,jtl-id#c58c7cd0909b,order#78e73bb8808e,,jtl-wawi,Unknown,Unknown,,,,,jtl-wawi,Unknown,,,reporting_postgresql_read_only,insufficient,unresolved,,,Candidate sample only; direct JTL SQL and JTL-Wawi confirmation required.
jtl desktop 3,,,unresolved,jtl-id#dd4a53ffcf3d,order#2e9a77d03f78,,jtl-wawi,Unknown,Unknown,,,,,jtl-wawi,Unknown,,,reporting_postgresql_read_only,insufficient,unresolved,,,Candidate sample only; direct JTL SQL and JTL-Wawi confirmation required.
jtl desktop 3,,,unresolved,jtl-id#267e7e4409b3,order#fc5ef796c3ec,,jtl-wawi,Unknown,Unknown,,,,,jtl-wawi,Unknown,,,reporting_postgresql_read_only,insufficient,unresolved,,,Candidate sample only; direct JTL SQL and JTL-Wawi confirmation required.
jtl desktop 3,,,unresolved,jtl-id#67d7748ce0e1,order#ccc0c17a6e73,,jtl-wawi,Unknown,Unknown,,,,,jtl-wawi,Unknown,,,reporting_postgresql_read_only,insufficient,unresolved,,,Candidate sample only; direct JTL SQL and JTL-Wawi confirmation required.
jtl desktop 3,,,unresolved,jtl-id#84f7a789bf88,order#d4fe640d3106,,jtl-wawi,Unknown,Unknown,,,,,jtl-wawi,Unknown,,,reporting_postgresql_read_only,insufficient,unresolved,,,Candidate sample only; direct JTL SQL and JTL-Wawi confirmation required.
jtl desktop 3,,,unresolved,jtl-id#66e9c3f858f1,order#176745748285,,jtl-wawi,Unknown,Unknown,,,,,jtl-wawi,Unknown,,,reporting_postgresql_read_only,insufficient,unresolved,,,Candidate sample only; direct JTL SQL and JTL-Wawi confirmation required.
jtl desktop 3,,,unresolved,jtl-id#a3fd525328a1,order#ee7e99405d3d,,jtl-wawi,Unknown,Unknown,,,,,jtl-wawi,Unknown,,,reporting_postgresql_read_only,insufficient,unresolved,,,Candidate sample only; direct JTL SQL and JTL-Wawi confirmation required.
jtl desktop 3,,,unresolved,jtl-id#3050fd91b6c1,order#7ac9206afbb2,,jtl-wawi,Unknown,Unknown,,,,,jtl-wawi,Unknown,,,reporting_postgresql_read_only,insufficient,unresolved,,,Candidate sample only; direct JTL SQL and JTL-Wawi confirmation required.
jtl desktop 3,,,unresolved,jtl-id#cdf0e49e1b57,order#bf30ed96384d,,jtl-wawi,Unknown,Unknown,,,,,jtl-wawi,Unknown,,,reporting_postgresql_read_only,insufficient,unresolved,,,Candidate sample only; direct JTL SQL and JTL-Wawi confirmation required.
jtl desktop 3,,,unresolved,jtl-id#95886ef1edfa,order#27e45cc8ec6d,,jtl-wawi,Unknown,GLS 1,,,,,jtl-wawi,Unknown,,,reporting_postgresql_read_only,insufficient,unresolved,,,Candidate sample only; direct JTL SQL and JTL-Wawi confirmation required.
jtl desktop 3,,,unresolved,jtl-id#5f8114e6e490,order#5ad194e14481,,jtl-wawi,Unknown,GLS 1,,,,,jtl-wawi,Unknown,,,reporting_postgresql_read_only,insufficient,unresolved,,,Candidate sample only; direct JTL SQL and JTL-Wawi confirmation required.
jtl desktop 3,,,unresolved,jtl-id#94dd49a4e5b4,order#c95118c20c20,,jtl-wawi,Unknown,Unknown,,,,,jtl-wawi,Unknown,,,reporting_postgresql_read_only,insufficient,unresolved,,,Candidate sample only; direct JTL SQL and JTL-Wawi confirmation required.
